datetime,observation,simulation
2014-04-08,0.1764653125,NA
2014-04-09,0.179819895833333,0.277363833333333
2014-04-10,0.180243541666667,0.284804416666667
2014-04-11,0.1793703125,0.291285625
2014-04-12,0.1786440625,0.295157375
2014-04-13,0.1775546875,0.297922833333333
2014-04-14,0.176335625,0.300066208333333
2014-04-15,0.174822604166667,0.301807958333333
2014-04-16,0.1735603125,0.303265
2014-04-17,0.171736041666667,0.304509166666667
2014-04-18,0.1713296875,0.30558925
2014-04-19,0.1725228125,0.306539708333333
2014-04-20,0.171372916666667,0.307385958333333
2014-04-21,0.171545833333333,0.308148166666667
2014-04-22,0.171372916666667,0.308841125
2014-04-23,0.170629375,0.309477958333333
2014-04-24,0.169799375,0.310068916666667
2014-04-25,0.1684765625,0.310621208333333
2014-04-26,0.167266145833333,0.31114075
2014-04-27,0.175522916666667,0.311631166666667
2014-04-28,0.202065625,0.312096958333333
2014-04-29,0.239943020833333,0.312544041666667
2014-04-30,0.268949791666667,0.312998375
2014-05-01,0.264220520833333,0.313508416666667
2014-05-02,0.264350208333333,0.31409525
2014-05-03,0.252955,0.3147615
2014-05-04,0.2420353125,0.315496583333333
2014-05-05,0.232628645833333,0.316281708333333
2014-05-06,0.2258503125,0.317096291666667
2014-05-07,0.227570833333333,0.317924708333333
2014-05-08,0.2224525,0.318766958333333
2014-05-09,0.217714583333333,0.319626875
2014-05-10,0.2133225,0.32049775
2014-05-11,0.211653854166667,0.321364583333333
2014-05-12,0.207036979166667,0.322210166666667
2014-05-13,0.202886979166667,0.323023333333333
2014-05-14,0.199973333333333,0.323797833333333
2014-05-15,0.1958665625,0.324530666666667
2014-05-16,0.193471666666667,0.325220708333333
2014-05-17,0.188699166666667,0.325868875
2014-05-18,0.18748875,0.326477958333333
2014-05-19,0.184540520833333,0.327051791666667
2014-05-20,0.180390520833333,0.327593375
2014-05-21,0.176231875,0.328105166666667
2014-05-22,0.1726525,0.328589791666667
2014-05-23,0.171476666666667,0.329049208333333
2014-05-24,0.168986666666667,0.329484916666667
2014-05-25,0.16653125,0.329898833333333
2014-05-26,0.165277604166667,0.330292125
2014-05-27,0.163928854166667,0.3306655
2014-05-28,0.1618884375,0.331019708333333
2014-05-29,0.158404166666667,0.331356208333333
2014-05-30,0.157211041666667,0.331678666666667
2014-05-31,0.154850729166667,0.331993125
2014-06-01,0.150285729166667,0.332300375
2014-06-02,0.146083854166667,0.332600375
2014-06-03,0.142236458333333,0.332891833333333
2014-06-04,0.142028958333333,0.333174125
2014-06-05,0.140334375,0.333447083333333
2014-06-06,0.138138333333333,0.33371075
2014-06-07,0.13187875,0.333965
2014-06-08,0.120414375,0.334210375
2014-06-09,0.110125833333333,0.334446416666667
2014-06-10,0.101229270833333,0.334673458333333
2014-06-11,0.0969063541666667,0.33489175
2014-06-12,0.09401,0.33510075
2014-06-13,0.0899810416666667,0.335301083333333
2014-06-14,0.0873267708333333,0.335492166666667
2014-06-15,0.08737,0.335673875
2014-06-16,0.0864276041666667,0.335847291666667
2014-06-17,0.08436125,0.3360115
2014-06-18,0.081975,0.336167666666667
2014-06-19,0.079640625,0.336316791666667
2014-06-20,0.077773125,0.3364575
2014-06-21,0.0751707291666667,0.336590041666667
2014-06-22,0.0746260416666667,0.336714666666667
2014-06-23,0.0758883333333333,0.336831666666667
2014-06-24,0.07658,0.336941
2014-06-25,0.0769085416666667,0.337043125
2014-06-26,0.0776088541666667,0.337137375
2014-06-27,0.0781708333333333,0.337224541666667
2014-06-28,0.105889375,0.337304208333333
2014-06-29,0.20357,0.3373775
2014-06-30,0.1860103125,0.33744925
2014-07-01,0.1778659375,0.337519958333333
2014-07-02,0.178842916666667,0.337590125
2014-07-03,0.17618,0.337660291666667
2014-07-04,0.1762059375,0.337730708333333
2014-07-05,0.176871666666667,0.337802666666667
2014-07-06,0.1738715625,0.337877291666667
2014-07-07,0.211186979166667,0.337954833333333
2014-07-08,0.250266145833333,0.338045041666667
2014-07-09,0.229213541666667,0.3381815
2014-07-10,0.217749166666667,0.338364416666667
2014-07-11,0.210348333333333,0.338578416666667
2014-07-12,0.203405729166667,0.338810916666667
2014-07-13,0.201538229166667,0.339053458333333
2014-07-14,0.198762916666667,0.339301833333333
2014-07-15,0.192684895833333,0.339554208333333
2014-07-16,0.1855953125,0.33981
2014-07-17,0.178237708333333,0.340068083333333
2014-07-18,0.1708109375,0.340327083333333
2014-07-19,0.165476458333333,0.340585541666667
2014-07-20,0.180174375,0.340841125
2014-07-21,0.2047371875,0.341094791666667
2014-07-22,0.197258541666667,0.34135825
2014-07-23,0.1925465625,0.341636708333333
2014-07-24,0.197855104166667,0.341928458333333
2014-07-25,0.22546125,0.342236416666667
2014-07-26,0.250222916666667,0.342580541666667
2014-07-27,0.245216979166667,0.343002583333333
2014-07-28,0.260667083333333,0.343500291666667
2014-07-29,0.272408125,0.344069166666667
2014-07-30,0.255825416666667,0.344750416666667
2014-07-31,0.243314895833333,0.34552625
2014-08-01,0.239268645833333,0.346342
2014-08-02,0.239683645833333,0.347159791666667
2014-08-03,0.234634479166667,0.347957166666667
2014-08-04,0.238153333333333,0.348719583333333
2014-08-05,0.231928333333333,0.349439583333333
2014-08-06,0.2245015625,0.350114416666667
2014-08-07,0.220783854166667,0.3507425
2014-08-08,0.241136145833333,0.351325166666667
2014-08-09,0.2661571875,0.351868291666667
2014-08-10,0.259646875,0.352386958333333
2014-08-11,0.260044583333333,0.352888416666667
2014-08-12,0.29559625,0.3533755
2014-08-13,0.2779328125,0.35397625
2014-08-14,0.266174479166667,0.354861
2014-08-15,0.259741979166667,0.355917875
2014-08-16,0.248329479166667,0.357025958333333
2014-08-17,0.2361734375,0.35811625
2014-08-18,0.2292740625,0.359159416666667
2014-08-19,0.223023125,0.360142
2014-08-20,0.228565104166667,0.361056333333333
2014-08-21,0.226334479166667,0.361901833333333
2014-08-22,0.222910729166667,0.3626825
2014-08-23,0.221146979166667,0.363401958333333
2014-08-24,0.2146971875,0.364060583333333
2014-08-25,0.212682708333333,0.364658
2014-08-26,0.210659583333333,0.365196
2014-08-27,0.203967708333333,0.365677875
2014-08-28,0.199273020833333,0.36610675
2014-08-29,0.200621770833333,0.366487208333333
2014-08-30,0.205091666666667,0.366823416666667
2014-08-31,0.207668125,0.367119041666667
2014-09-01,0.207832395833333,0.367377708333333
2014-09-02,0.205705520833333,0.36760125
2014-09-03,0.204832291666667,0.367792958333333
2014-09-04,0.203708333333333,0.367956166666667
2014-09-05,0.201503645833333,0.368094041666667
2014-09-06,0.203198229166667,0.368209458333333
2014-09-07,0.201823541666667,0.368304208333333
2014-09-08,0.2001721875,0.368380291666667
2014-09-09,0.198641875,0.368439375
2014-09-10,0.196670625,0.368482625
2014-09-11,0.194033645833333,0.368510458333333
2014-09-12,0.190687708333333,0.368522666666667
2014-09-13,0.187134270833333,0.368519166666667
2014-09-14,0.184307083333333,0.368500416666667
2014-09-15,0.181981354166667,0.36846675
2014-09-16,0.181099479166667,0.368419458333333
2014-09-17,0.18084875,0.3683595
2014-09-18,0.180217604166667,0.368288041666667
2014-09-19,0.180623958333333,0.368206291666667
2014-09-20,0.180010104166667,0.368115041666667
2014-09-21,0.178401979166667,0.3680155
2014-09-22,0.1755315625,0.367907666666667
2014-09-23,0.1726525,0.367791458333333
2014-09-24,0.169920416666667,0.367667458333333
2014-09-25,0.165874166666667,0.367535666666667
2014-09-26,0.160911458333333,0.367396625
2014-09-27,0.1560265625,0.367250916666667
2014-09-28,0.152369375,0.367099791666667
2014-09-29,0.147864895833333,0.366944458333333
2014-09-30,0.146057916666667,0.3667855
2014-10-01,0.1445621875,0.366623541666667
2014-10-02,0.142210520833333,0.36645875
2014-10-03,0.140196041666667,0.3662915
2014-10-04,0.13883,0.366122583333333
2014-10-05,0.13810375,0.365951791666667
2014-10-06,0.136824166666667,0.365779291666667
2014-10-07,0.136642604166667,0.365605416666667
2014-10-08,0.136763645833333,0.36543025
2014-10-09,0.136184375,0.365253958333333
2014-10-10,0.135570520833333,0.365077
2014-10-11,0.135544583333333,0.364899708333333
2014-10-12,0.174770729166667,0.364722083333333
2014-10-13,0.231305833333333,0.364544833333333
2014-10-14,0.215103541666667,0.364368791666667
2014-10-15,0.207996666666667,0.3641945
2014-10-16,0.203725625,0.364022208333333
2014-10-17,0.199402708333333,0.363852041666667
2014-10-18,0.195728229166667,0.363684291666667
2014-10-19,0.192563854166667,0.363519
2014-10-20,0.19039375,0.363356166666667
2014-10-21,0.19029,0.363195875
2014-10-22,0.197500625,0.363038083333333
2014-10-23,0.214342708333333,0.362882333333333
2014-10-24,0.213668333333333,0.362728875
2014-10-25,0.211195625,0.362578166666667
2014-10-26,0.20865375,0.3624305
2014-10-27,0.206924583333333,0.362286208333333
2014-10-28,0.20491875,0.362145166666667
2014-10-29,0.202886979166667,0.362007625
2014-10-30,0.2010540625,0.36187325
2014-10-31,0.1986159375,0.361742125
2014-11-01,0.196886770833333,0.361613958333333
2014-11-02,0.195330520833333,0.361488791666667
2014-11-03,0.19444,0.361366583333333
2014-11-04,0.194708020833333,0.36124675
2014-11-05,0.253715833333333,0.36112925
2014-11-06,0.259404791666667,0.361017125
2014-11-07,0.257105,0.360916708333333
2014-11-08,0.254934895833333,0.36083125
2014-11-09,0.254001145833333,0.360762208333333
2014-11-10,0.261272291666667,0.360708916666667
2014-11-11,0.260537395833333,0.360670541666667
2014-11-12,0.258099270833333,0.3606475
2014-11-13,0.255643854166667,0.360639625
2014-11-14,0.254917604166667,0.360646916666667
2014-11-15,0.283941666666667,0.360668708333333
2014-11-16,0.2721746875,0.360719666666667
2014-11-17,0.271898020833333,0.360835333333333
2014-11-18,0.268067916666667,0.361020916666667
2014-11-19,0.263520208333333,0.361272166666667
2014-11-20,0.260070520833333,0.361578833333333
2014-11-21,0.257329791666667,0.361928375
2014-11-22,0.254519895833333,0.362309916666667
2014-11-23,0.252367083333333,0.362713666666667
2014-11-24,0.25036125,0.363131583333333
2014-11-25,0.2489346875,0.36355625
2014-11-26,0.247931770833333,0.363981125
2014-11-27,0.249756041666667,0.364399458333333
2014-11-28,0.2566121875,0.364804375
2014-11-29,0.258540208333333,0.365194208333333
2014-11-30,0.2709296875,0.365571916666667
2014-12-01,0.275373645833333,0.365941333333333
2014-12-02,0.274336145833333,0.36631175
2014-12-03,0.273428333333333,0.366692666666667
2014-12-04,0.273947083333333,0.367090583333333
2014-12-05,0.271206354166667,0.367507375
2014-12-06,0.269356145833333,0.367943291666667
2014-12-07,0.266788333333333,0.368394791666667
2014-12-08,0.264531770833333,0.368854708333333
2014-12-09,0.2612809375,0.369314208333333
2014-12-10,0.259326979166667,0.369764291666667
2014-12-11,0.257528645833333,0.370197208333333
2014-12-12,0.254943541666667,0.370607333333333
2014-12-13,0.2545890625,0.370991833333333
2014-12-14,0.254978125,0.371349666666667
2014-12-15,0.254234583333333,0.371681125
2014-12-16,0.255911875,0.371987083333333
2014-12-17,0.25575625,0.372268833333333
2014-12-18,0.256577604166667,0.372528375
2014-12-19,0.256430625,0.372769166666667
2014-12-20,0.2574940625,0.372995416666667
2014-12-21,0.256620833333333,0.373209166666667
2014-12-22,0.253361354166667,0.373410333333333
2014-12-23,0.256966666666667,0.373599791666667
2014-12-24,0.261721875,0.373777708333333
2014-12-25,0.262932291666667,0.373944375
2014-12-26,0.263658541666667,0.374099541666667
2014-12-27,0.262136875,0.374241916666667
2014-12-28,0.2598284375,0.37436825
2014-12-29,0.257373020833333,0.3744745
2014-12-30,0.254943541666667,0.374560833333333
2014-12-31,0.254044375,0.374627375
2015-01-01,0.25503,0.374675041666667
2015-01-02,0.257105,0.374705458333333
2015-01-03,0.281123125,0.374720125
2015-01-04,0.280120208333333,0.374720583333333
2015-01-05,0.277405416666667,0.374708041666667
2015-01-06,0.276030729166667,0.374683875
2015-01-07,0.275019166666667,0.374648833333333
2015-01-08,0.274318854166667,0.374603791666667
2015-01-09,0.305123958333333,0.374550041666667
2015-01-10,0.293953541666667,0.374488166666667
2015-01-11,0.288791979166667,0.374419125
2015-01-12,0.285368229166667,0.374343458333333
2015-01-13,0.282402708333333,0.374262125
2015-01-14,0.280613020833333,0.374175666666667
2015-01-15,0.279290208333333,0.374084625
2015-01-16,0.27920375,0.373989625
2015-01-17,0.2800078125,0.373890791666667
2015-01-18,0.2813825,0.373788875
2015-01-19,0.28127875,0.373684041666667
2015-01-20,0.280388229166667,0.373576708333333
2015-01-21,0.27993,0.373466958333333
2015-01-22,0.280310416666667,0.373355208333333
2015-01-23,0.280613020833333,0.373241666666667
2015-01-24,0.279221041666667,0.373126458333333
2015-01-25,0.276938541666667,0.373009791666667
2015-01-26,0.274906770833333,0.372892041666667
2015-01-27,0.273246770833333,0.372773333333333
2015-01-28,0.271664583333333,0.372653791666667
2015-01-29,0.2700478125,0.372533833333333
2015-01-30,0.2691659375,0.3724135
2015-01-31,0.26831,0.372292666666667
2015-02-01,0.267030416666667,0.3721715
2015-02-02,0.265768125,0.372050041666667
2015-02-03,0.264151354166667,0.371928416666667
2015-02-04,0.2628371875,0.371806625
2015-02-05,0.261497083333333,0.371684666666667
2015-02-06,0.26115125,0.371562583333333
2015-02-07,0.261514375,0.371440541666667
2015-02-08,0.2625,0.371318458333333
2015-02-09,0.2626296875,0.371196416666667
2015-02-10,0.2790740625,0.371074416666667
2015-02-11,0.315576770833333,0.370952583333333
2015-02-12,0.318646041666667,0.370830875
2015-02-13,0.306818541666667,0.370709166666667
2015-02-14,0.306585104166667,0.370587875
2015-02-15,0.318369375,0.37046675
2015-02-16,0.320669166666667,0.370345791666667
2015-02-17,0.316078229166667,0.3702255
2015-02-18,0.308314270833333,0.370106083333333
2015-02-19,0.303057604166667,0.36999175
2015-02-20,0.299002708333333,0.369889041666667
2015-02-21,0.2990978125,0.369803791666667
2015-02-22,0.301354375,0.369735833333333
2015-02-23,0.2990459375,0.3696835
2015-02-24,0.295648125,0.369646916666667
2015-02-25,0.292734479166667,0.369625416666667
2015-02-26,0.291818020833333,0.369615708333333
2015-02-27,0.28999375,0.369615541666667
2015-02-28,0.2913165625,0.369622875
2015-03-01,0.291895833333333,0.369636333333333
2015-03-02,0.295328229166667,0.369656958333333
2015-03-03,0.2973859375,0.369688
2015-03-04,0.293555833333333,0.369731916666667
2015-03-05,0.289319375,0.36978825
2015-03-06,0.287157916666667,0.369854
2015-03-07,0.285385520833333,0.369926708333333
2015-03-08,0.2841059375,0.370006375
2015-03-09,0.2826275,0.370093791666667
2015-03-10,0.2802671875,0.37018875
2015-03-11,0.277976041666667,0.370290708333333
2015-03-12,0.275745416666667,0.370398083333333
2015-03-13,0.273696354166667,0.370509208333333
2015-03-14,0.271621354166667,0.370622833333333
2015-03-15,0.270272604166667,0.3707375
2015-03-16,0.26997,0.370851416666667
2015-03-17,0.26986625,0.370962916666667
2015-03-18,0.268171666666667,0.371071375
2015-03-19,0.266710520833333,0.371177708333333
2015-03-20,0.264730625,0.371282375
2015-03-21,0.264194583333333,0.371384916666667
2015-03-22,0.267471354166667,0.371484166666667
2015-03-23,0.271673229166667,0.371579583333333
2015-03-24,0.273713645833333,0.371672708333333
2015-03-25,0.2787109375,0.371764708333333
2015-03-26,0.289258854166667,0.371856833333333
2015-03-27,0.285774583333333,0.37195325
2015-03-28,0.28210875,0.372057833333333
2015-03-29,0.280673541666667,0.372172041666667
2015-03-30,0.28688125,0.372297083333333
2015-03-31,0.285731354166667,0.372434666666667
2015-04-01,0.284244270833333,0.3725875
2015-04-02,0.284373958333333,0.372753291666667
2015-04-03,0.282835,0.372929291666667
2015-04-04,0.281002083333333,0.373114166666667
2015-04-05,0.278953020833333,0.373306375
2015-04-06,0.2763765625,0.373503
2015-04-07,0.274007604166667,0.373700666666667
2015-04-08,0.270704895833333,0.37389725
2015-04-09,0.266356041666667,0.374091666666667
2015-04-10,0.262906354166667,0.374284
2015-04-11,0.2602434375,0.374474833333333
2015-04-12,0.256888854166667,0.374662333333333
2015-04-13,0.25243625,0.374845916666667
2015-04-14,0.246712708333333,0.375024208333333
2015-04-15,0.242433020833333,0.375195958333333
2015-04-16,0.241551145833333,0.375360291666667
2015-04-17,0.240747083333333,0.375516458333333
2015-04-18,0.23677,0.375663125
2015-04-19,0.231833229166667,0.375799291666667
2015-04-20,0.226239375,0.375925083333333
2015-04-21,0.2193659375,0.376040333333333
2015-04-22,0.212630833333333,0.376145125
2015-04-23,0.205904375,0.376240208333333
2015-04-24,0.200863854166667,0.376325375
2015-04-25,0.199126041666667,0.376400708333333
2015-04-26,0.196869479166667,0.376466083333333
2015-04-27,0.1942065625,0.376522
2015-04-28,0.188578125,0.376567416666667
2015-04-29,0.1842725,0.376603583333333
2015-04-30,0.184419479166667,0.376629833333333
2015-05-01,0.1838575,0.376646208333333
2015-05-02,0.184116875,0.376653291666667
2015-05-03,0.185275416666667,0.376651458333333
2015-05-04,0.185197604166667,0.376641625
2015-05-05,0.186226458333333,0.376624416666667
2015-05-06,0.186200520833333,0.376600541666667
2015-05-07,0.186624166666667,0.376570458333333
2015-05-08,0.248026875,0.37653475
2015-05-09,0.2481565625,0.376494625
2015-05-10,0.241041041666667,0.376451416666667
2015-05-11,0.234634479166667,0.376405
2015-05-12,0.228426770833333,0.376356291666667
2015-05-13,0.221916458333333,0.376304583333333
2015-05-14,0.2481565625,0.376250125
2015-05-15,0.265059166666667,0.376193625
2015-05-16,0.257744791666667,0.376136916666667
2015-05-17,0.251459270833333,0.376080916666667
2015-05-18,0.252937708333333,0.37602525
2015-05-19,0.311314375,0.375974166666667
2015-05-20,0.295086145833333,0.376053375
2015-05-21,0.28646625,0.376416166666667
2015-05-22,0.281261458333333,0.376990375
2015-05-23,0.277699375,0.377676791666667
2015-05-24,0.271880729166667,0.378405958333333
2015-05-25,0.26582,0.379131375
2015-05-26,0.2586871875,0.379823833333333
2015-05-27,0.250914583333333,0.380464708333333
2015-05-28,0.241845104166667,0.38104425
2015-05-29,0.234582604166667,0.381560208333333
2015-05-30,0.2285478125,0.382015041666667
2015-05-31,0.222599479166667,0.382413125
2015-06-01,0.215198645833333,0.382758875
2015-06-02,0.207564375,0.383056875
2015-06-03,0.19827875,0.383312125
2015-06-04,0.187238020833333,0.383528625
2015-06-05,0.192356354166667,0.383708875
2015-06-06,0.217273645833333,0.383853583333333
2015-06-07,0.267419479166667,0.383965208333333
2015-06-08,0.273350520833333,0.384052458333333
2015-06-09,0.270471458333333,0.384123541666667
2015-06-10,0.264194583333333,0.384182458333333
2015-06-11,0.2571828125,0.384229833333333
2015-06-12,0.252496770833333,0.38426475
2015-06-13,0.249271875,0.384286666666667
2015-06-14,0.24839,0.384295791666667
2015-06-15,0.249263229166667,0.384292291666667
2015-06-16,0.248277604166667,0.384276875
2015-06-17,0.242848020833333,0.384250916666667
2015-06-18,0.2382484375,0.384214458333333
2015-06-19,0.232369270833333,0.384168125
2015-06-20,0.227138541666667,0.384111916666667
2015-06-21,0.222668645833333,0.384045625
2015-06-22,0.219478333333333,0.38396975
2015-06-23,0.212406041666667,0.383884833333333
2015-06-24,0.204719895833333,0.383791583333333
2015-06-25,0.195840625,0.383689958333333
2015-06-26,0.187212083333333,0.383579666666667
2015-06-27,0.182111041666667,0.383460208333333
2015-06-28,0.170949270833333,0.383330875
2015-06-29,0.156839270833333,0.383190958333333
2015-06-30,0.141907916666667,0.383040583333333
2015-07-01,0.128748958333333,0.382880291666667
2015-07-02,0.119022395833333,0.382710208333333
2015-07-03,0.114604375,0.382531041666667
2015-07-04,0.107705,0.382342958333333
2015-07-05,0.100667291666667,0.382146875
2015-07-06,0.09577375,0.381943083333333
2015-07-07,0.0940359375,0.381732208333333
2015-07-08,0.0945633333333333,0.381515083333333
2015-07-09,0.0939667708333333,0.3812915
2015-07-10,0.0917188541666667,0.381061166666667
2015-07-11,0.0882864583333333,0.380824583333333
2015-07-12,0.0854419791666667,0.380582125
2015-07-13,0.0829346875,0.380334666666667
2015-07-14,0.0805657291666667,0.380082625
2015-07-15,0.0790008333333333,0.379827333333333
2015-07-16,0.0779028125,0.37957
2015-07-17,0.0797270833333333,0.379311333333333
2015-07-18,0.0809461458333333,0.379052666666667
2015-07-19,0.0813438541666667,0.3787955
2015-07-20,0.0840759375,0.378540333333333
2015-07-21,0.0862201041666667,0.378287
2015-07-22,0.0871970833333333,0.378035791666667
2015-07-23,0.0865486458333333,0.377786625
2015-07-24,0.0852690625,0.377539375
2015-07-25,0.0832632291666667,0.37729375
2015-07-26,0.081715625,0.377049666666667
2015-07-27,0.0803928125,0.376807
2015-07-28,0.0794936458333333,0.376566
2015-07-29,0.080470625,0.376327125
2015-07-30,0.0809720833333333,0.376090666666667
2015-07-31,0.081145,0.3758565
2015-08-01,0.0822257291666667,0.3756245
2015-08-02,0.082649375,0.37539475
2015-08-03,0.0861422916666667,0.375167583333333
2015-08-04,0.101549166666667,0.374942833333333
2015-08-05,0.104817291666667,0.374720875
2015-08-06,0.105336041666667,0.374501833333333
2015-08-07,0.106010416666667,0.374285708333333
2015-08-08,0.107558020833333,0.374072458333333
2015-08-09,0.1081459375,0.37386275
2015-08-10,0.107713645833333,0.373656
2015-08-11,0.105024791666667,0.373452708333333
2015-08-12,0.0994395833333333,0.373254666666667
2015-08-13,0.093750625,0.373061791666667
2015-08-14,0.0916842708333333,0.372873791666667
2015-08-15,0.0924278125,0.372689916666667
2015-08-16,0.092920625,0.372510416666667
2015-08-17,0.0931454166666667,0.372336541666667
2015-08-18,0.09318,0.372170125
2015-08-19,0.0933615625,0.372013083333333
2015-08-20,0.0935085416666667,0.371867708333333
2015-08-21,0.09401,0.371734458333333
2015-08-22,0.0948227083333333,0.371612416666667
2015-08-23,0.09567,0.371500416666667
2015-08-24,0.0959985416666667,0.371397541666667
2015-08-25,0.0971916666666667,0.371304083333333
2015-08-26,0.099353125,0.371222041666667
2015-08-27,0.100969895833333,0.371150333333333
2015-08-28,0.102188958333333,0.371086875
2015-08-29,0.1021803125,0.371029625
2015-08-30,0.100840208333333,0.370976583333333
2015-08-31,0.0984366666666667,0.370926041666667
2015-09-01,0.0966902083333333,0.370876333333333
2015-09-02,0.110195,0.370826166666667
2015-09-03,0.143766770833333,0.370774791666667
2015-09-04,0.13789625,0.370721833333333
2015-09-05,0.135968229166667,0.370667375
2015-09-06,0.1347059375,0.370611416666667
2015-09-07,0.1332275,0.370553625
2015-09-08,0.131247604166667,0.370493583333333
2015-09-09,0.129224479166667,0.370431416666667
2015-09-10,0.1274175,0.370366875
2015-09-11,0.126181145833333,0.370300458333333
2015-09-12,0.124962083333333,0.370231791666667
2015-09-13,0.12389,0.370161375
2015-09-14,0.12389,0.370089083333333
2015-09-15,0.1245384375,0.370015541666667
2015-09-16,0.125878541666667,0.36994125
2015-09-17,0.127175416666667,0.369866375
2015-09-18,0.127123541666667,0.369791333333333
2015-09-19,0.127071666666667,0.369716125
2015-09-20,0.1270025,0.369640416666667
2015-09-21,0.126552916666667,0.369563916666667
2015-09-22,0.128913229166667,0.3694865
2015-09-23,0.137187291666667,0.369408
2015-09-24,0.141613958333333,0.36932825
2015-09-25,0.143178854166667,0.369247291666667
2015-09-26,0.143395,0.369165166666667
2015-09-27,0.142565,0.369082083333333
2015-09-28,0.141769583333333,0.36899825
2015-09-29,0.140809895833333,0.368913708333333
2015-09-30,0.139547604166667,0.368828625
2015-10-01,0.1383890625,0.368743
2015-10-02,0.1371959375,0.368656791666667
2015-10-03,0.13717,0.368569958333333
2015-10-04,0.1364178125,0.368482458333333
2015-10-05,0.136357291666667,0.368394125
2015-10-06,0.137014375,0.368305375
2015-10-07,0.1374553125,0.368216416666667
2015-10-08,0.138968333333333,0.368127083333333
2015-10-09,0.1402046875,0.368037666666667
2015-10-10,0.14049,0.367948
2015-10-11,0.14049,0.36785825
2015-10-12,0.14049,0.367768083333333
2015-10-13,0.141129791666667,0.36767775
2015-10-14,0.177079166666667,0.367587
2015-10-15,0.209673958333333,0.367496291666667
2015-10-16,0.2176021875,0.367408291666667
2015-10-17,0.21768,0.367326625
2015-10-18,0.219348645833333,0.367253791666667
2015-10-19,0.2197809375,0.36719075
2015-10-20,0.218812604166667,0.367138708333333
2015-10-21,0.217386041666667,0.367098083333333
2015-10-22,0.215648229166667,0.367068416666667
2015-10-23,0.213798020833333,0.367049041666667
2015-10-24,0.212129375,0.36703925
2015-10-25,0.210486666666667,0.367038291666667
2015-10-26,0.2086278125,0.367045041666667
2015-10-27,0.207339583333333,0.367058291666667
2015-10-28,0.207062916666667,0.36707725
2015-10-29,0.2098728125,0.367101041666667
2015-10-30,0.209933333333333,0.367130166666667
2015-10-31,0.210149479166667,0.367165791666667
2015-11-01,0.209336770833333,0.367207875
2015-11-02,0.208091770833333,0.367256208333333
2015-11-03,0.207296354166667,0.367309375
2015-11-04,0.2062675,0.367366416666667
2015-11-05,0.204815,0.36742625
2015-11-06,0.203423020833333,0.3674885
2015-11-07,0.201590104166667,0.367553041666667
2015-11-08,0.200163541666667,0.36761925
2015-11-09,0.198546770833333,0.367686666666667
2015-11-10,0.1968003125,0.36775475
2015-11-11,0.1950365625,0.367822833333333
2015-11-12,0.193445729166667,0.36789025
2015-11-13,0.191906770833333,0.367956125
2015-11-14,0.190506145833333,0.368019791666667
2015-11-15,0.189105520833333,0.368080583333333
2015-11-16,0.187333125,0.36813775
2015-11-17,0.185733645833333,0.3681915
2015-11-18,0.184315729166667,0.368241833333333
2015-11-19,0.183088020833333,0.368288458333333
2015-11-20,0.182206145833333,0.368331458333333
2015-11-21,0.181903541666667,0.368370333333333
2015-11-22,0.1809784375,0.36840475
2015-11-23,0.18033,0.368434458333333
2015-11-24,0.18033,0.368459291666667
2015-11-25,0.1797853125,0.368479333333333
2015-11-26,0.179102291666667,0.368494416666667
2015-11-27,0.17867,0.368504708333333
2015-11-28,0.178341458333333,0.368510291666667
2015-11-29,0.17784,0.368511541666667
2015-11-30,0.176958125,0.368508041666667
2015-12-01,0.176543125,0.368500458333333
2015-12-02,0.175194375,0.368489041666667
2015-12-03,0.174269270833333,0.368473875
2015-12-04,0.173318229166667,0.368455583333333
2015-12-05,0.172540104166667,0.368434208333333
2015-12-06,0.1716409375,0.368410333333333
2015-12-07,0.1712,0.368384416666667
2015-12-08,0.17037,0.368356583333333
2015-12-09,0.16954,0.368327208333333
2015-12-10,0.168701354166667,0.368296083333333
2015-12-11,0.167560104166667,0.368263458333333
2015-12-12,0.1666609375,0.368229333333333
2015-12-13,0.166021145833333,0.368193791666667
2015-12-14,0.165536979166667,0.368156708333333
2015-12-15,0.16456,0.368118291666667
2015-12-16,0.16456,0.368078458333333
2015-12-17,0.164093125,0.368037416666667
2015-12-18,0.163669479166667,0.367995208333333
2015-12-19,0.16258875,0.367951791666667
2015-12-20,0.16207,0.3679075
2015-12-21,0.1616809375,0.36786275
2015-12-22,0.1607990625,0.367817625
2015-12-23,0.1600728125,0.367771958333333
2015-12-24,0.159182291666667,0.367725958333333
2015-12-25,0.158430104166667,0.367679625
2015-12-26,0.157496354166667,0.367633
2015-12-27,0.156675,0.367586
2015-12-28,0.155257083333333,0.367538958333333
2015-12-29,0.154487604166667,0.367491
2015-12-30,0.15377,0.367443
2015-12-31,0.1533290625,0.367394625
2016-01-01,0.15294,0.367369
2016-01-02,0.15294,NA
2016-01-03,0.15294,NA
2016-01-04,0.159147708333333,NA
2016-01-05,0.163557083333333,NA
2016-01-06,0.161412916666667,NA
2016-01-07,0.160358125,NA
2016-01-08,0.15926875,NA
2016-01-09,0.1600209375,NA
2016-01-10,0.163868333333333,NA
2016-01-11,0.164646458333333,NA
2016-01-12,0.1656234375,NA
2016-01-13,0.16622,NA
2016-01-14,0.16622,NA
2016-01-15,0.16622,NA
2016-01-16,0.165960625,NA
2016-01-17,0.16539,NA
2016-01-18,0.164698333333333,NA
2016-01-19,0.16456,NA
2016-01-20,0.164032604166667,NA
2016-01-21,0.162943229166667,NA
2016-01-22,0.163072916666667,NA
2016-01-23,0.162813541666667,NA
2016-01-24,0.165441875,NA
2016-01-25,0.1712,NA
2016-01-26,0.171649583333333,NA
2016-01-27,0.172868645833333,NA
2016-01-28,0.17420875,NA
2016-01-29,NA,NA
2016-01-30,0.175522916666667,NA
2016-01-31,NA,NA
2016-02-01,0.178583541666667,NA
2016-02-02,0.180243541666667,NA
2016-02-03,0.181566354166667,NA
2016-02-04,0.182595208333333,NA
2016-02-05,0.184116875,NA
2016-02-06,0.185249479166667,NA
2016-02-07,0.18614,NA
2016-02-08,0.187194791666667,NA
2016-02-09,0.188664583333333,NA
2016-02-10,0.190168958333333,NA
2016-02-11,0.191699270833333,NA
2016-02-12,0.192148854166667,NA
2016-02-13,0.193108541666667,NA
2016-02-14,0.19361,NA
2016-02-15,0.193774270833333,NA
2016-02-16,0.195027916666667,NA
2016-02-17,0.195633125,NA
2016-02-18,0.197293125,NA
2016-02-19,0.198347916666667,NA
2016-02-20,0.240937291666667,NA
2016-02-21,0.243288958333333,NA
2016-02-22,0.242182291666667,NA
2016-02-23,0.239605833333333,NA
2016-02-24,0.2376,NA
2016-02-25,0.236061041666667,NA
2016-02-26,0.23511,NA
2016-02-27,0.234841979166667,NA
2016-02-28,0.2359659375,NA
2016-02-29,NA,NA
2016-03-01,NA,NA
2016-03-02,NA,NA
2016-03-03,NA,NA
2016-03-04,0.2378334375,NA
2016-03-05,NA,NA
2016-03-06,NA,NA
2016-03-07,NA,NA
2016-03-08,NA,NA
2016-03-09,0.23926,NA
2016-03-10,0.238334895833333,NA
2016-03-11,0.23708125,NA
2016-03-12,0.235637395833333,NA
2016-03-13,0.234677708333333,NA
2016-03-14,0.233415416666667,NA
2016-03-15,NA,NA
